{
  "mc_version": "1.16.1",
  "speedrunigt_version": "13.0+1.16.1",
  "category": "ANY",
  "run_type": "random_seed",
  "is_completed": false,
  "is_coop": false,
  "is_hardcore": false,
  "is_legacy_igt": false,
  "world_name": "place melon practice",
  "date": 1668965807774,
  "retimed_igt": 2158731,
  "final_igt": 2158731,
  "final_rta": 561809067,
  "open_lan": null,
  "timelines": [],
  "advancements": {
    "minecraft:adventure/adventuring_time": {
      "complete": false,
      "is_advancement": true,
      "criteria": {
        "minecraft:plains": {
          "igt": 0,
          "rta": 0
        }
      },
      "igt": 0,
      "rta": 0
    },
    "minecraft:recipes/misc/white_dye": {
      "complete": true,
      "is_advancement": false,
      "criteria": {
        "has_bone_meal": {
          "igt": 29905,
          "rta": 32981
        },
        "has_the_recipe": {
          "igt": 29905,
          "rta": 32981
        }
      },
      "igt": 29905,
      "rta": 32994
    },
    "minecraft:recipes/building_blocks/bone_block": {
      "complete": true,
      "is_advancement": false,
      "criteria": {
        "has_bonemeal": {
          "igt": 29905,
          "rta": 32979
        },
        "has_the_recipe": {
          "igt": 29905,
          "rta": 32979
        }
      },
      "igt": 29905,
      "rta": 32994
    },
    "minecraft:recipes/building_blocks/jungle_planks": {
      "complete": true,
      "is_advancement": false,
      "criteria": {
        "has_logs": {
          "igt": 90105,
          "rta": 93162
        },
        "has_the_recipe": {
          "igt": 90105,
          "rta": 93162
        }
      },
      "igt": 90105,
      "rta": 93200
    },
    "minecraft:recipes/building_blocks/jungle_wood": {
      "complete": true,
      "is_advancement": false,
      "criteria": {
        "has_log": {
          "igt": 90105,
          "rta": 93161
        },
        "has_the_recipe": {
          "igt": 90105,
          "rta": 93161
        }
      },
      "igt": 90105,
      "rta": 93200
    },
    "minecraft:recipes/misc/charcoal": {
      "complete": true,
      "is_advancement": false,
      "criteria": {
        "has_log": {
          "igt": 90105,
          "rta": 93161
        },
        "has_the_recipe": {
          "igt": 90105,
          "rta": 93161
        }
      },
      "igt": 90105,
      "rta": 93200
    },
    "minecraft:recipes/redstone/redstone": {
      "complete": true,
      "is_advancement": false,
      "criteria": {
        "has_redstone_block": {
          "igt": 522705,
          "rta": 1591089
        },
        "has_the_recipe": {
          "igt": 522705,
          "rta": 1591089
        }
      },
      "igt": 522705,
      "rta": 1591102
    },
    "minecraft:recipes/tools/wooden_pickaxe": {
      "complete": true,
      "is_advancement": false,
      "criteria": {
        "has_stick": {
          "igt": 835605,
          "rta": 1925796
        },
        "has_the_recipe": {
          "igt": 835605,
          "rta": 1925796
        }
      },
      "igt": 835655,
      "rta": 1925845
    },
    "minecraft:recipes/decorations/campfire": {
      "complete": true,
      "is_advancement": false,
      "criteria": {
        "has_coal": {
          "igt": 835605,
          "rta": 1925796
        },
        "has_stick": {
          "igt": 835605,
          "rta": 1925796
        },
        "has_the_recipe": {
          "igt": 835605,
          "rta": 1925796
        }
      },
      "igt": 835655,
      "rta": 1925845
    },
    "minecraft:recipes/combat/wooden_sword": {
      "complete": true,
      "is_advancement": false,
      "criteria": {
        "has_stick": {
          "igt": 835605,
          "rta": 1925796
        },
        "has_the_recipe": {
          "igt": 835605,
          "rta": 1925796
        }
      },
      "igt": 835655,
      "rta": 1925845
    },
    "minecraft:recipes/tools/wooden_axe": {
      "complete": true,
      "is_advancement": false,
      "criteria": {
        "has_stick": {
          "igt": 835605,
          "rta": 1925796
        },
        "has_the_recipe": {
          "igt": 835605,
          "rta": 1925796
        }
      },
      "igt": 835655,
      "rta": 1925845
    },
    "minecraft:recipes/tools/wooden_hoe": {
      "complete": true,
      "is_advancement": false,
      "criteria": {
        "has_stick": {
          "igt": 835605,
          "rta": 1925797
        },
        "has_the_recipe": {
          "igt": 835605,
          "rta": 1925797
        }
      },
      "igt": 835655,
      "rta": 1925845
    },
    "minecraft:recipes/decorations/ladder": {
      "complete": true,
      "is_advancement": false,
      "criteria": {
        "has_stick": {
          "igt": 835605,
          "rta": 1925796
        },
        "has_the_recipe": {
          "igt": 835605,
          "rta": 1925796
        }
      },
      "igt": 835655,
      "rta": 1925845
    },
    "minecraft:recipes/tools/wooden_shovel": {
      "complete": true,
      "is_advancement": false,
      "criteria": {
        "has_stick": {
          "igt": 835605,
          "rta": 1925795
        },
        "has_the_recipe": {
          "igt": 835605,
          "rta": 1925795
        }
      },
      "igt": 835655,
      "rta": 1925845
    },
    "minecraft:recipes/combat/crossbow": {
      "complete": true,
      "is_advancement": false,
      "criteria": {
        "has_iron_ingot": {
          "igt": 835605,
          "rta": 1925795
        },
        "has_stick": {
          "igt": 835605,
          "rta": 1925795
        },
        "has_string": {
          "igt": 835605,
          "rta": 1925795
        },
        "has_the_recipe": {
          "igt": 835605,
          "rta": 1925795
        },
        "has_tripwire_hook": {
          "igt": 835605,
          "rta": 1925795
        }
      },
      "igt": 835655,
      "rta": 1925845
    },
    "minecraft:recipes/decorations/soul_campfire": {
      "complete": true,
      "is_advancement": false,
      "criteria": {
        "has_soul_sand": {
          "igt": 835605,
          "rta": 1925796
        },
        "has_stick": {
          "igt": 835605,
          "rta": 1925796
        },
        "has_the_recipe": {
          "igt": 835605,
          "rta": 1925796
        }
      },
      "igt": 835655,
      "rta": 1925845
    },
    "minecraft:recipes/decorations/chest": {
      "complete": true,
      "is_advancement": false,
      "criteria": {
        "has_lots_of_items": {
          "igt": 835605,
          "rta": 1925795
        },
        "has_the_recipe": {
          "igt": 835605,
          "rta": 1925795
        }
      },
      "igt": 835655,
      "rta": 1925845
    },
    "minecraft:recipes/brewing/glistering_melon_slice": {
      "complete": true,
      "is_advancement": false,
      "criteria": {
        "has_melon": {
          "igt": 1137436,
          "rta": 4049122
        },
        "has_the_recipe": {
          "igt": 1137436,
          "rta": 4049122
        }
      },
      "igt": 1137486,
      "rta": 4049182
    },
    "minecraft:recipes/building_blocks/melon": {
      "complete": true,
      "is_advancement": false,
      "criteria": {
        "has_melon": {
          "igt": 1137436,
          "rta": 4049122
        },
        "has_the_recipe": {
          "igt": 1137436,
          "rta": 4049122
        }
      },
      "igt": 1137486,
      "rta": 4049182
    },
    "minecraft:recipes/misc/melon_seeds": {
      "complete": true,
      "is_advancement": false,
      "criteria": {
        "has_melon": {
          "igt": 1137436,
          "rta": 4049122
        },
        "has_the_recipe": {
          "igt": 1137436,
          "rta": 4049122
        }
      },
      "igt": 1137486,
      "rta": 4049182
    },
    "minecraft:recipes/decorations/jungle_fence": {
      "complete": true,
      "is_advancement": false,
      "criteria": {
        "has_planks": {
          "igt": 1798734,
          "rta": 19531674
        },
        "has_the_recipe": {
          "igt": 1798734,
          "rta": 19531674
        }
      },
      "igt": 1798784,
      "rta": 19531697
    },
    "minecraft:recipes/redstone/jungle_fence_gate": {
      "complete": true,
      "is_advancement": false,
      "criteria": {
        "has_planks": {
          "igt": 1798734,
          "rta": 19531673
        },
        "has_the_recipe": {
          "igt": 1798734,
          "rta": 19531673
        }
      },
      "igt": 1798784,
      "rta": 19531697
    },
    "minecraft:recipes/building_blocks/jungle_slab": {
      "complete": true,
      "is_advancement": false,
      "criteria": {
        "has_planks": {
          "igt": 1798734,
          "rta": 19531673
        },
        "has_the_recipe": {
          "igt": 1798734,
          "rta": 19531673
        }
      },
      "igt": 1798784,
      "rta": 19531697
    },
    "minecraft:recipes/decorations/crafting_table": {
      "complete": true,
      "is_advancement": false,
      "criteria": {
        "has_planks": {
          "igt": 1798734,
          "rta": 19531674
        },
        "has_the_recipe": {
          "igt": 1798734,
          "rta": 19531674
        }
      },
      "igt": 1798784,
      "rta": 19531697
    },
    "minecraft:recipes/redstone/jungle_pressure_plate": {
      "complete": true,
      "is_advancement": false,
      "criteria": {
        "has_planks": {
          "igt": 1798734,
          "rta": 19531674
        },
        "has_the_recipe": {
          "igt": 1798734,
          "rta": 19531674
        }
      },
      "igt": 1798784,
      "rta": 19531697
    },
    "minecraft:recipes/building_blocks/jungle_stairs": {
      "complete": true,
      "is_advancement": false,
      "criteria": {
        "has_planks": {
          "igt": 1798734,
          "rta": 19531674
        },
        "has_the_recipe": {
          "igt": 1798734,
          "rta": 19531674
        }
      },
      "igt": 1798784,
      "rta": 19531697
    },
    "minecraft:recipes/decorations/barrel": {
      "complete": true,
      "is_advancement": false,
      "criteria": {
        "has_planks": {
          "igt": 1798734,
          "rta": 19531673
        },
        "has_the_recipe": {
          "igt": 1798734,
          "rta": 19531673
        },
        "has_wood_slab": {
          "igt": 1798734,
          "rta": 19531673
        }
      },
      "igt": 1798784,
      "rta": 19531697
    },
    "minecraft:recipes/misc/stick": {
      "complete": true,
      "is_advancement": false,
      "criteria": {
        "has_planks": {
          "igt": 1798734,
          "rta": 19531672
        },
        "has_the_recipe": {
          "igt": 1798734,
          "rta": 19531672
        }
      },
      "igt": 1798784,
      "rta": 19531697
    },
    "minecraft:recipes/redstone/jungle_trapdoor": {
      "complete": true,
      "is_advancement": false,
      "criteria": {
        "has_planks": {
          "igt": 1798734,
          "rta": 19531674
        },
        "has_the_recipe": {
          "igt": 1798734,
          "rta": 19531674
        }
      },
      "igt": 1798784,
      "rta": 19531697
    },
    "minecraft:recipes/decorations/jungle_sign": {
      "complete": true,
      "is_advancement": false,
      "criteria": {
        "has_jungle_planks": {
          "igt": 1798734,
          "rta": 19531674
        },
        "has_the_recipe": {
          "igt": 1798734,
          "rta": 19531674
        }
      },
      "igt": 1798784,
      "rta": 19531697
    },
    "minecraft:recipes/redstone/jungle_button": {
      "complete": true,
      "is_advancement": false,
      "criteria": {
        "has_planks": {
          "igt": 1798734,
          "rta": 19531673
        },
        "has_the_recipe": {
          "igt": 1798734,
          "rta": 19531673
        }
      },
      "igt": 1798784,
      "rta": 19531697
    },
    "minecraft:recipes/redstone/jungle_door": {
      "complete": true,
      "is_advancement": false,
      "criteria": {
        "has_planks": {
          "igt": 1798734,
          "rta": 19531673
        },
        "has_the_recipe": {
          "igt": 1798734,
          "rta": 19531673
        }
      },
      "igt": 1798784,
      "rta": 19531697
    },
    "minecraft:story/root": {
      "complete": true,
      "is_advancement": true,
      "criteria": {
        "crafting_table": {
          "igt": 1799934,
          "rta": 19532872
        }
      },
      "igt": 1799984,
      "rta": 19532898
    }
  },
  "stats": {
    "7c8879e0-157a-444a-97e0-d9368dffc297": {
      "stats": {
        "minecraft:custom": {
          "minecraft:time_since_rest": 43224,
          "minecraft:crouch_one_cm": 1866,
          "minecraft:play_one_minute": 43224,
          "minecraft:sprint_one_cm": 48611,
          "minecraft:damage_taken": 20,
          "minecraft:walk_one_cm": 72866,
          "minecraft:sneak_time": 1335,
          "minecraft:jump": 192,
          "minecraft:leave_game": 15,
          "minecraft:time_since_death": 43224,
          "minecraft:interact_with_crafting_table": 2,
          "minecraft:fall_one_cm": 406,
          "minecraft:fly_one_cm": 350656
        },
        "minecraft:used": {
          "minecraft:structure_block": 35,
          "minecraft:jungle_sapling": 4,
          "minecraft:bedrock": 2,
          "minecraft:dirt": 1,
          "minecraft:melon": 9,
          "minecraft:command_block": 6,
          "minecraft:crafting_table": 2,
          "minecraft:jungle_button": 12,
          "minecraft:grass_block": 78,
          "minecraft:jungle_log": 64,
          "minecraft:redstone_block": 7,
          "minecraft:bone_meal": 3
        },
        "minecraft:mined": {
          "minecraft:grass_block": 1,
          "minecraft:melon": 7,
          "minecraft:jungle_log": 2
        },
        "minecraft:crafted": {
          "minecraft:crafting_table": 2,
          "minecraft:melon": 2,
          "minecraft:jungle_planks": 8
        },
        "minecraft:picked_up": {
          "minecraft:stick": 1,
          "minecraft:jungle_log": 2,
          "minecraft:jungle_sapling": 2,
          "minecraft:jungle_button": 4,
          "minecraft:melon_slice": 41,
          "minecraft:dirt": 1
        }
      },
      "DataVersion": 2567
    }
  }
}