{"stats":{"minecraft:custom":{"minecraft:time_since_rest":43224,"minecraft:crouch_one_cm":1866,"minecraft:play_one_minute":43224,"minecraft:sprint_one_cm":48611,"minecraft:damage_taken":20,"minecraft:walk_one_cm":72866,"minecraft:sneak_time":1335,"minecraft:jump":192,"minecraft:leave_game":16,"minecraft:time_since_death":43224,"minecraft:interact_with_crafting_table":2,"minecraft:fall_one_cm":406,"minecraft:fly_one_cm":350656},"minecraft:used":{"minecraft:structure_block":35,"minecraft:jungle_sapling":4,"minecraft:bedrock":2,"minecraft:dirt":1,"minecraft:melon":9,"minecraft:command_block":6,"minecraft:crafting_table":2,"minecraft:jungle_button":12,"minecraft:grass_block":78,"minecraft:jungle_log":64,"minecraft:redstone_block":7,"minecraft:bone_meal":3},"minecraft:mined":{"minecraft:grass_block":1,"minecraft:melon":7,"minecraft:jungle_log":2},"minecraft:crafted":{"minecraft:crafting_table":2,"minecraft:melon":2,"minecraft:jungle_planks":8},"minecraft:picked_up":{"minecraft:stick":1,"minecraft:jungle_log":2,"minecraft:jungle_sapling":2,"minecraft:jungle_button":4,"minecraft:melon_slice":41,"minecraft:dirt":1}},"DataVersion":2567}